name,color,edge,conv,temp
Pole1_2020-11-04_02-00-00.mp4,3.696568983812666,1.1627282532412828,244.72115722669395,38.44824832529636
Pole1_2020-11-04_03-00-00.mp4,24.615515629067254,6.878350669147213,447.86804164226356,143.97569232507973
Pole1_2020-11-04_04-00-01.mp4,73.73277796634889,20.66666572672506,2570.1192309092226,568.3473580606919
Pole1_2020-11-04_05-00-00.mp4,72.44284409733923,20.137916658255655,1585.5433176973472,342.7129313156521
Pole1_2020-11-04_06-00-00.mp4,22.279075980334472,6.282611366054625,2118.4803426500453,412.5854135428417
Pole1_2020-11-04_07-00-00.mp4,56.047202683733246,15.438141885592383,4325.478934279792,921.9942914387643
Pole1_2020-11-04_08-00-00.mp4,90.49743750013769,24.28323530686393,6422.555870195465,1116.006515832332
Pole1_2020-11-04_09-00-00.mp4,155.48938305570528,41.45082178661384,8634.031215316834,1650.4768075708255
Pole1_2020-11-04_10-00-00.mp4,108.89220439199272,32.31067258045603,5829.744981309034,1646.0897534607557
Pole1_2020-11-04_11-00-01.mp4,117.19976249770343,32.72678539605088,5850.81332773529,1559.0888367732296
Pole1_2020-11-04_12-00-00.mp4,157.16944483245283,47.68842542133513,8382.655977990798,2416.7412178621876
Pole1_2020-11-04_13-00-00.mp4,219.96191100860815,82.32525141260116,11242.427932336992,2223.773087981807
Pole1_2020-11-04_14-00-00.mp4,249.94686840139386,92.85302713603828,13173.387012447494,2633.787683365039
Pole1_2020-11-04_15-00-00.mp4,196.83983170234035,72.40459907969301,12372.760215401015,2565.2320273312835
Pole1_2020-11-04_16-00-01.mp4,134.56039837318195,40.928978854856,9892.618429500491,1994.193926250176
Pole1_2020-11-04_17-00-00.mp4,160.63131515838487,47.34362410445645,9316.87722254175,1808.0550412957
Pole1_2020-11-04_18-00-00.mp4,136.44224395279713,38.36167637001512,6509.37945840477,1242.5687294911152
Pole1_2020-11-04_19-00-00.mp4,110.07441561190831,29.61291188525652,5287.194722992819,1073.076115531325
Pole1_2020-11-04_20-00-00.mp4,83.35896151110944,22.034543256635413,4093.677094081742,803.8089077394022
Pole1_2020-11-04_22-00-00.mp4,60.51525399950373,15.814471181026938,2810.6879930949817,593.3884497883378
Pole1_2020-11-04_23-00-00.mp4,60.63698888137259,16.523351286314806,2364.0510883087622,489.17608962587707
Pole1_2020-11-05_00-00-00.mp4,11.309839785993073,3.152924350663722,368.2051109956242,72.55899813324149
Pole1_2020-11-05_01-00-00.mp4,18.855559195977,5.098622687151451,433.1801835759264,108.06351801832363
Pole1_2020-11-05_02-00-00.mp4,9.65968963645096,2.822562379545589,331.23613889053235,67.23129565549061
Pole1_2020-11-05_03-00-00.mp4,15.848956755194575,4.078965263741275,329.73328278816217,72.5279032020214
Pole1_2020-11-05_04-00-00.mp4,2.493071292136923,1.0619301881024406,213.95004260796247,40.374751982705355
Pole1_2020-11-05_05-00-00.mp4,17.417481623408058,5.015689458136912,847.349119851102,281.92259889803086
Pole1_2020-11-05_06-00-01.mp4,18.65868463008653,5.152630471461384,1556.6969144479751,384.47730677864223
Pole1_2020-11-05_07-00-00.mp4,54.11902062638804,16.148466104517322,4962.854328771228,1448.6676358498046
Pole1_2020-11-05_08-00-00.mp4,89.39608127718921,37.544434051171656,9607.46398572129,1854.362777936456
Pole1_2020-11-05_09-00-00.mp4,153.52414566939814,55.76690007307673,12141.202579284038,2734.2634363516304
Pole1_2020-11-05_10-00-01.mp4,175.9160198080086,63.07272267718006,10668.61149624191,2588.6272118901866
Pole1_2020-11-05_11-00-00.mp4,136.5744679259674,33.358607836723074,4643.662178436202,1009.5212609903093
Pole1_2020-11-05_12-00-00.mp4,196.8693598528513,61.16810560052997,8362.606424881325,1679.2745923845198
Pole1_2020-11-05_13-00-00.mp4,243.67140377223362,93.68793715670856,11758.416247712417,2940.511880530203
Pole1_2020-11-05_14-00-01.mp4,208.32272018874812,85.68264283040826,15786.45466151822,3583.472965306038
Pole1_2020-11-05_15-00-00.mp4,205.34062862198306,73.71661946379814,13956.845593368933,2712.1166691735684
Pole1_2020-11-05_16-00-00.mp4,108.69998434049946,30.71412356871055,7482.40791461002,1387.818577750321
Pole1_2020-11-05_17-00-00.mp4,113.77341006405834,30.954446142431134,4926.163710413019,1050.0229257229612
Pole1_2020-11-05_18-00-01.mp4,50.218444536895724,12.814011137861213,1926.6470268447683,314.7595541584492
Pole1_2020-11-05_19-00-00.mp4,32.85251413873397,7.710252241029352,1092.6094501353944,200.99524632273952
Pole1_2020-11-05_20-00-00.mp4,23.367387547998888,5.711203845839586,1233.8949004146423,253.2119831819772
Pole1_2020-11-05_21-00-00.mp4,37.073311167329805,9.339971899972173,1742.170825877245,313.3141986473611
Pole1_2020-11-05_22-00-02.mp4,34.26066610018484,8.44912157920682,1190.4650165829232,253.03124023135345
Pole1_2020-11-05_23-00-00.mp4,21.374313693916807,5.146633170434241,670.1873872739123,158.5400781606234
Pole1_2020-11-06_00-00-00.mp4,0.9558520369863429,0.21985426347950124,49.702512851434406,9.52107519770706
Pole1_2020-11-06_01-00-00.mp4,14.118841294091956,3.465685100752954,132.41762840322556,22.029718877633425
Pole1_2020-11-06_02-00-00.mp4,0.0,0.0,0.0,0.0
Pole1_2020-11-06_03-00-00.mp4,6.807825697060381,1.444869138780193,21.277732690932446,5.260945763430039
Pole1_2020-11-06_04-00-00.mp4,7.011462483973657,1.4571889674851983,35.71990048316401,8.117179068403024
Pole1_2020-11-06_05-00-00.mp4,3.2498747736153843,0.7924194940427755,125.01498643353452,23.242821260460815
Pole1_2020-11-06_06-00-01.mp4,4.9162279365753685,1.2024723074282946,108.3275675745656,18.763208371557837
Pole1_2020-11-06_07-00-01.mp4,12.571359828295678,3.0782134473188054,617.6970644284073,92.25762462235626
Pole1_2020-11-06_08-00-00.mp4,56.739590186775146,14.681250547777584,3338.827804546055,852.5120346463691
Pole1_2020-11-06_09-00-00.mp4,78.29792355856648,19.51620822072952,2848.0565624407345,564.446273330486
Pole1_2020-11-06_10-00-00.mp4,90.76350200509246,22.876617643924725,4199.869903123522,884.9502967732327
Pole1_2020-11-06_11-00-00.mp4,169.13734753029544,42.23353136144951,3491.82920307319,833.0972151604404
Pole1_2020-11-06_12-00-00.mp4,151.0328223048527,39.51990715211736,3290.209652906965,519.3671979497393
Pole1_2020-11-06_13-00-00.mp4,193.66402411388884,53.549402051422696,5945.309928114815,1335.6156393354242
Pole1_2020-11-06_14-00-00.mp4,158.19826913036508,44.56423871697889,8345.653062881975,1478.471092279106
Pole1_2020-11-06_15-00-00.mp4,181.01095488526155,51.65264422846812,6963.3187437251145,1503.3585289158366
Pole1_2020-11-06_16-00-00.mp4,109.36889766962409,27.189519614086016,5348.610205478467,973.38226116773
Pole1_2020-11-06_17-00-00.mp4,120.64958985715678,32.128656311306834,4415.144718513859,799.2532529541355
Pole1_2020-11-06_18-00-01.mp4,64.55414358151187,16.32014075602123,2593.1500095995198,491.37814720530884
Pole1_2020-11-06_19-00-00.mp4,41.911462492711586,10.690083484907962,1396.4871527814148,293.2978190226026
Pole1_2020-11-06_20-00-01.mp4,29.5359850974359,7.095676097556751,1004.9941177125074,241.25242599396506
Pole1_2020-11-06_21-00-00.mp4,25.627731425186198,6.132087493994066,1297.1160074732609,216.4512623180174
Pole1_2020-11-06_22-00-00.mp4,25.69866097163865,6.354414751156447,1310.4060421739518,238.9088446812578
Pole1_2020-11-06_23-00-01.mp4,19.15656823203067,4.539477089387866,540.3509532042636,94.97873402738553
Pole1_2020-11-07_00-00-00.mp4,1.7112914735218014,0.4117468402875705,92.87321834858248,15.950735368026995
Pole1_2020-11-07_01-00-00.mp4,9.741852791623115,2.1186846590246495,151.61043511135304,23.16253010010509
Pole1_2020-11-07_02-00-00.mp4,0.2811734272613961,0.07931093588794691,10.516734373840325,1.9622045273779547
Pole1_2020-11-07_03-00-00.mp4,0.0,0.0,0.0,0.0
Pole1_2020-11-07_04-00-00.mp4,0.12581490305542206,0.27259177813384267,13.574051794322678,2.3205734756962997
Pole1_2020-11-07_05-00-01.mp4,3.036692755186354,0.7354664028341047,79.41847031474084,10.84959270073928
Pole1_2020-11-07_06-00-00.mp4,1.9105138322859216,0.4778837501750407,119.16105716591917,20.176319246440908
Pole1_2020-11-07_07-00-00.mp4,2.663174595778309,0.6601890727813516,177.55096849309922,24.10464550229734
Pole1_2020-11-07_08-00-00.mp4,5.94052955923272,1.4373235027874853,276.55323127248414,54.6847452892197
Pole1_2020-11-07_09-00-01.mp4,14.227237728880803,3.4527273938330163,510.97303135157034,91.82543673593162
Pole1_2020-11-07_10-00-00.mp4,19.730027486394796,5.018156849082112,724.10100049554,163.11234496379575
Pole1_2020-11-07_11-00-00.mp4,17.43858426703843,3.875331462477141,391.0372012298372,83.40496170332692
Pole1_2020-11-07_13-00-00.mp4,21.56854124445096,5.38751015554074,796.146287717244,162.2235686395401
Pole1_2020-11-07_14-00-00.mp4,20.3878854444274,5.087920921856283,777.5397463038483,126.87783964523635
Pole1_2020-11-07_15-00-01.mp4,10.110744615883226,2.423873976698057,476.1329662012473,86.04883784111065
Pole1_2020-11-07_16-00-00.mp4,19.13147708055465,4.716374448650514,741.4208859512568,106.37634390437339
Pole1_2020-11-07_17-00-00.mp4,35.2257218497194,8.740002348038285,1247.1904842454037,208.27162386475243
Pole1_2020-11-07_18-00-00.mp4,12.690394972299437,3.121229271199473,357.73437248076056,67.05741753543049
Pole1_2020-11-07_19-00-00.mp4,9.98443151065996,2.350626484033422,188.4201827684252,36.00535971780154
Pole1_2020-11-07_20-00-00.mp4,17.30422702252672,4.370496688078415,512.8545478963922,108.3315044791484
Pole1_2020-11-07_21-00-00.mp4,20.616433121620922,5.39582102415619,667.3662191972154,99.22896079106707
Pole1_2020-11-07_22-00-00.mp4,3.0175219291922284,0.8609679956296654,109.70925100802721,17.251445721362764
Pole1_2020-11-07_23-00-00.mp4,0.38310775853663104,0.09814772272450835,30.511315305101544,4.618014114801611
Pole1_2020-11-08_00-00-01.mp4,16.44597668192027,3.8774998085375447,313.80693583870493,81.12800558240126
Pole1_2020-11-08_01-00-00.mp4,0.0,0.0,0.0,0.0
Pole1_2020-11-08_02-00-00.mp4,1.2293513143718817,0.36791594074376727,19.295356974803635,3.551620588743279
Pole1_2020-11-08_03-00-00.mp4,13.945683898252046,3.125463978352677,86.69481905599271,8.06558502177584
Pole1_2020-11-08_04-00-00.mp4,6.343378786901664,1.797458582840709,100.17212140290866,21.119256022965633
Pole1_2020-11-08_05-00-00.mp4,14.538197940439833,3.415529693560746,178.92241915805226,43.95176311935779
Pole1_2020-11-08_06-00-00.mp4,1.4064095216200323,0.3341125998517775,95.67096611674424,20.140396853214416
Pole1_2020-11-08_07-00-00.mp4,3.987394163106953,0.946370829399237,175.08198725628378,36.202032462017876
Pole1_2020-11-08_08-00-00.mp4,6.670927385765952,1.6021703073873124,390.13665755516786,77.75504225968085
Pole1_2020-11-08_09-00-01.mp4,35.261560035779105,8.92045414249477,2121.01250771577,443.7165808770325
Pole1_2020-11-08_10-00-00.mp4,22.61165347539622,5.5256859158910965,1171.2610312014858,213.8214004363829
Pole1_2020-11-08_11-00-00.mp4,16.62611743329521,4.128449404114408,1105.103741885063,230.66867894054138
Pole1_2020-11-08_12-00-00.mp4,18.94146464596886,4.809423402285964,946.6690760174052,199.01070849876442
Pole1_2020-11-08_13-00-00.mp4,25.269245256864266,6.319697861335929,1341.3620862001926,200.08940871093392
Pole1_2020-11-08_14-00-00.mp4,12.939316371698027,3.078468722668877,650.4150376603047,107.21151118756018
Pole1_2020-11-08_15-00-00.mp4,46.563644770351246,12.128258441748839,2910.529881389544,458.4747952551649
Pole1_2020-11-08_16-00-02.mp4,38.281504178755206,9.881822247592764,2158.013330997171,428.5148519990349
Pole1_2020-11-08_17-00-00.mp4,133.70157369504844,33.663573696259526,4751.574570788357,956.2954933664637
Pole1_2020-11-08_18-00-00.mp4,97.19652154438381,26.155056942553653,2845.35776511536,550.0169552044398
Pole1_2020-11-08_19-00-01.mp4,45.5093332627359,11.362544849708978,1300.2951804732104,277.0376154676764
Pole1_2020-11-08_20-00-00.mp4,49.41881553145354,12.696696344208956,1794.8717112104803,370.3680567960411
Pole1_2020-11-08_21-00-00.mp4,41.9193671626371,10.546074690068487,919.5050041593954,180.78072865582084
Pole1_2020-11-08_22-00-00.mp4,35.953747069018085,9.946150470925577,1005.8165916837771,252.14491507243014
Pole1_2020-11-08_23-00-00.mp4,20.013694958992115,4.894866518944755,421.9275728095177,88.29785220182934
Pole1_2020-11-09_00-00-00.mp4,33.247031014371906,9.362688703692262,514.173186328559,105.54158565806578
Pole1_2020-11-09_01-00-00.mp4,70.23743115746845,19.19633396691358,1593.495975110767,391.5069845636151
Pole1_2020-11-09_02-00-00.mp4,63.64489006258724,17.861926377766782,1036.2457128088822,369.7229872660252
Pole1_2020-11-09_03-00-00.mp4,120.45497775726054,34.924839380379275,2457.807893451142,564.8991159574462
Pole1_2020-11-09_04-00-00.mp4,110.1615724294747,30.99846960006361,2000.69702230055,487.8738854637398
Pole1_2020-11-09_05-00-01.mp4,113.32256628580521,32.658667703930234,2379.164422103848,528.5724504424992
Pole1_2020-11-09_06-00-00.mp4,18.013763739851143,5.039016580891106,1834.6804206517256,314.6036451849725
Pole1_2020-11-09_07-00-00.mp4,57.97539713566275,18.48016778329631,7857.41143034778,1254.3744491185928
Pole1_2020-11-09_08-00-00.mp4,121.4719035406763,57.19018368690474,13842.1334881128,2895.4312613339403
Pole1_2020-11-09_09-00-00.mp4,158.3498253006604,67.46786584984206,13098.95446318451,2469.9993406929902
Pole1_2020-11-09_10-00-00.mp4,142.87011930004286,54.24162343520253,8998.714769865548,2442.5048833653614
Pole1_2020-11-09_11-00-00.mp4,136.90390534106908,32.96413666194138,5793.335736583501,1356.3179957501738
Pole1_2020-11-09_12-00-00.mp4,97.62908818271595,26.902433109844257,6052.462907129219,979.9386676663878
Pole1_2020-11-09_13-00-00.mp4,150.6903596967619,44.76573054760059,7792.080629497806,2226.8685763905605
Pole1_2020-11-09_14-00-01.mp4,233.975654450823,68.96097622733193,15304.253562853664,2975.5361558910276
Pole1_2020-11-09_15-00-00.mp4,187.04808761491185,59.435152464525714,11225.29574194941,2427.9996377333505
Pole1_2020-11-09_16-00-01.mp4,116.57384166623818,33.76327199168345,7634.079929454404,1928.5282707351246
Pole1_2020-11-09_17-00-01.mp4,180.27651912341287,54.152509025385875,8249.383916614539,2100.4622894481718
Pole1_2020-11-09_18-00-00.mp4,194.7206662072903,54.418842913406856,6038.528395508976,1581.6553566149078
Pole1_2020-11-09_19-00-00.mp4,152.34550526970983,42.40669733569205,7015.649851069178,1368.6212257764698
Pole1_2020-11-09_20-00-01.mp4,158.3105324513828,45.02149144192586,7271.655086157017,1462.861492111062
Pole1_2020-11-09_21-00-00.mp4,102.43105533921032,28.200712685762475,4656.374896213084,768.7741389198942
Pole1_2020-11-09_22-00-00.mp4,75.25605289669866,19.742115945386903,1804.3741865231784,485.66007698418343
Pole1_2020-11-09_23-00-00.mp4,76.41955962912766,20.81149318138946,2135.7997301411315,426.8899135688486
Pole1_2020-11-10_00-00-00.mp4,37.501586174266635,10.294690218512295,1074.56935998235,217.05045421313818
Pole1_2020-11-10_01-00-00.mp4,24.565966094288083,7.201864014421172,618.0219936661699,160.4307510542416
Pole1_2020-11-10_02-00-00.mp4,40.935077811345764,11.236491212270227,720.6803624200211,149.43805039175092
Pole1_2020-11-10_03-00-00.mp4,40.93416997359517,11.424538337019207,794.2221457828235,165.5069501436706
Pole1_2020-11-10_04-00-00.mp4,85.55078962478312,23.49455742331012,3402.907671248717,584.0865700882229
Pole1_2020-11-10_05-00-00.mp4,82.99914354073394,23.949904192261126,4338.590586020911,660.561158735738
Pole1_2020-11-10_06-00-00.mp4,12.085939064006853,2.993807233165506,329.21999477438203,73.9761656754591
Pole1_2020-11-10_07-00-00.mp4,15.63339895015739,3.610050601901408,367.96869308864916,70.19032778428458
Pole1_2020-11-10_08-00-00.mp4,31.731143365496827,7.86253952767516,1149.762646029203,252.31343100134274
Pole1_2020-11-10_09-00-00.mp4,69.67627998378288,17.586006380158114,2896.5465269556244,478.5458966350046
Pole1_2020-11-10_10-00-00.mp4,72.7585800142299,19.13371963354987,3190.0209575586177,639.9514593540006
Pole1_2020-11-10_11-00-00.mp4,70.33118726587337,17.156544233136245,2777.8875249118955,487.3380283081923
Pole1_2020-11-10_12-00-01.mp4,116.06800151258739,30.0191571867695,4469.404434857633,969.739024694894
Pole1_2020-11-10_13-00-01.mp4,125.17515323972347,34.86590077193203,7240.212769267921,1460.6168867543056
Pole1_2020-11-10_14-00-00.mp4,114.98261126130615,29.280284236899057,5360.667129010781,1589.0335472789736
Pole1_2020-11-10_15-00-00.mp4,266.33233052587894,86.20827507973449,13580.779846690499,2710.461334656075
Pole1_2020-11-10_16-00-00.mp4,94.76284943331406,23.939808289276343,5748.958062372067,944.3437230355908
Pole1_2020-11-10_17-00-00.mp4,126.94498638211334,33.707467721095746,4782.615463287685,1094.5491041352493
Pole1_2020-11-10_18-00-01.mp4,125.91603524538344,34.0788492715241,4120.099806812989,791.9486988405969
Pole1_2020-11-10_19-00-00.mp4,117.61205534228247,31.789503148584803,3252.231681368611,815.6943712858763
Pole1_2020-11-10_20-00-00.mp4,86.1552067424645,22.6240365521664,2152.1426569156247,504.56673908873597
Pole1_2020-11-10_21-00-00.mp4,109.65406717090048,29.114493550468428,3239.709143511792,665.368132869121
Pole1_2020-11-10_22-00-00.mp4,48.9742670302993,13.339579194946051,1534.5031076175394,366.5053818763926
Pole1_2020-11-10_23-00-00.mp4,91.3843919658666,24.93109871681198,2247.2680206257223,520.2873950966552
Pole1_2020-11-11_00-00-00.mp4,79.09111227571186,21.395099144965343,1735.0345490303773,405.8486896723841
Pole1_2020-11-11_01-00-01.mp4,117.44551437331178,33.28666467622402,3317.7417356170818,796.3115923887134
Pole1_2020-11-11_02-00-00.mp4,101.8770277685218,29.414857091332387,3126.1335048064566,533.9232389230441
Pole1_2020-11-11_03-00-00.mp4,157.9764746225194,45.63329863841972,4261.284797915106,1057.1370869539448
Pole1_2020-11-11_04-00-00.mp4,153.77784083428554,43.33400870237073,4523.0302616145955,756.062579152675
Pole1_2020-11-11_05-00-00.mp4,168.35369246388362,48.45036841330548,5482.312289920596,782.208127302071
Pole1_2020-11-11_06-00-00.mp4,35.28053085191609,10.460330989980063,4323.879738195759,1268.865016258918
Pole1_2020-11-11_07-00-00.mp4,108.76785636721577,39.125419352839856,8347.270991022204,1933.7117808934026
Pole1_2020-11-11_08-00-00.mp4,146.93451869732124,76.9756210658079,9496.605133342317,2201.4035314230364
Pole1_2020-11-11_09-00-00.mp4,205.4528396185652,85.14211842884183,12002.97085933828,3423.724794177472
Pole1_2020-11-11_10-00-00.mp4,147.95900436559018,57.12140373551999,12500.346589941671,2408.564050817335
Pole1_2020-11-11_11-00-00.mp4,222.71461906955545,63.52612390947445,10773.978247934852,1703.0185897308045
Pole1_2020-11-11_12-00-00.mp4,240.9867735418879,84.50354439730026,11663.4751497458,2694.5517865992915
Pole1_2020-11-11_13-00-00.mp4,292.34753024488083,113.43767224237756,18159.086306714977,3634.6701876170437
Pole1_2020-11-11_14-00-00.mp4,260.87254138405734,100.58844451351938,15928.771630608646,3480.519306809265
Pole1_2020-11-11_15-00-00.mp4,198.9513407646988,68.10697548262725,11271.275789585461,2441.1615443244978
Pole1_2020-11-11_16-00-01.mp4,160.41812954978224,50.434743837150656,14434.563464643437,1861.9376267426812
Pole1_2020-11-11_17-00-00.mp4,188.15658714082252,55.04170648952218,7906.9009109780445,1912.7536325512638
Pole1_2020-11-11_18-00-00.mp4,191.8982464878398,54.172519202874895,7219.962483400907,1587.4133161276281
Pole1_2020-11-11_19-00-01.mp4,175.13433903970486,46.57292834334086,5679.621151587463,946.4947327005619
Pole1_2020-11-11_20-00-00.mp4,132.536993937002,35.11411591572151,4374.000920962221,778.0765419868017
Pole1_2020-11-11_21-00-00.mp4,116.92405761218275,30.706934391616326,3484.085472407682,978.9555780159883
Pole1_2020-11-11_22-00-00.mp4,46.51507949710131,11.895060794767227,1711.5186896818482,327.95841653127763
Pole1_2020-11-11_23-00-00.mp4,31.41036931026817,8.078860170265745,858.319396455422,149.53373032696817
Pole1_2020-11-12_00-00-00.mp4,19.54989663642683,5.120887348512618,318.53553632943044,58.5125205725409
Pole1_2020-11-12_01-00-00.mp4,30.470397117445383,8.523448983128038,577.4242079319431,159.56343274100806
Pole1_2020-11-12_02-00-00.mp4,17.419138683859643,4.474267979134211,204.95040273331418,36.81067060113096
Pole1_2020-11-12_03-00-00.mp4,10.370507482339553,3.3080576974515883,222.16976122368368,46.74960100020633
Pole1_2020-11-12_04-00-00.mp4,25.69557814389098,6.898329010091993,261.7628272568469,68.81298933987001
Pole1_2020-11-12_05-00-00.mp4,59.29626917465129,16.327400480825887,668.7360695962765,232.38840682129452
Pole1_2020-11-12_06-00-00.mp4,6.683485134872718,1.727057426234609,368.4111581952241,59.11094200022763
Pole1_2020-11-12_07-00-00.mp4,35.305871906172904,12.393517556208822,4813.646162442935,908.511964560039
Pole1_2020-11-12_08-00-00.mp4,78.850863472908,26.88451512637753,8870.780185877336,1628.1683719501068
Pole1_2020-11-12_09-00-00.mp4,103.6885071583815,32.3908331091489,10214.963511511229,2305.6813843895693
Pole1_2020-11-12_10-00-01.mp4,142.37183928027164,47.873563859276516,9185.212042949135,2109.468080938426
Pole1_2020-11-12_11-00-00.mp4,121.0109717315526,31.718301289164707,6836.220409400479,1029.725989781455
Pole1_2020-11-12_12-00-00.mp4,207.4453192110101,72.01418995551143,12084.725098576244,2681.6734093539158
Pole1_2020-11-12_13-00-00.mp4,251.25868310767487,100.50662203417714,17592.359081774684,2911.496219543512
Pole1_2020-11-12_14-00-01.mp4,228.74668579980175,92.31282879004407,15462.84110355927,3660.8000562432594
Pole1_2020-11-12_15-00-00.mp4,186.3468688836039,68.05965382615452,13428.84750156479,2735.373032828149
Pole1_2020-11-12_16-00-00.mp4,165.39431743215857,52.27610438601394,8097.478022829777,2503.52796456373
Pole1_2020-11-12_17-00-00.mp4,123.57250519800334,33.96036545875976,6232.175985265382,1214.5537750921164
Pole1_2020-11-12_18-00-00.mp4,79.2208673498669,20.810097051235118,2805.7566535389747,714.4393719870458
Pole1_2020-11-12_19-00-01.mp4,48.322286327628326,12.334261646075097,1438.3138713316782,295.2639391584863
Pole1_2020-11-12_20-00-00.mp4,46.54361626505383,11.989075896762893,1539.2064709110634,352.34223684183894
Pole1_2020-11-12_21-00-00.mp4,24.858834496103462,6.615295275529769,1216.8473238818674,201.61770836819622
Pole1_2020-11-12_22-00-00.mp4,26.927044220452732,7.024304176842776,817.6121414486039,188.09039494979976
Pole1_2020-11-12_23-00-01.mp4,30.36975751392251,7.472877331346608,1032.9397492990897,183.69167172469042
Pole1_2020-11-13_00-00-00.mp4,3.2041727160912084,0.8743545507952436,101.90711258011312,18.762045983021416
Pole1_2020-11-13_01-00-00.mp4,11.23707966878395,3.0136375372627975,199.67445435666727,32.665533353895256
Pole1_2020-11-13_02-00-00.mp4,2.7359601681465326,0.8016462188860847,38.313393677787296,7.234127268043257
Pole1_2020-11-13_03-00-00.mp4,5.512535936658833,1.5387327570826184,134.06953713145444,34.18011514695107
Pole1_2020-11-13_04-00-00.mp4,10.785977577643637,2.6844530083923366,99.25556653610214,24.388440912341427
Pole1_2020-11-13_05-00-00.mp4,16.31728555734414,3.9692749581301254,258.1703749150543,63.754756755108545
Pole1_2020-11-13_06-00-00.mp4,4.5304407441400265,1.032576103408302,191.90203341852668,40.99539562423941
Pole1_2020-11-13_07-00-00.mp4,14.507466909820604,3.372240279948367,408.01419179744283,73.46018769836017
Pole1_2020-11-13_08-00-00.mp4,25.512074441466776,6.503857002511437,981.8047411819947,158.43561491063824
Pole1_2020-11-13_09-00-00.mp4,51.87294219748571,12.758733577325602,1601.089235841898,337.9833614771796
Pole1_2020-11-13_10-00-00.mp4,84.90854540370992,21.06311257140429,3271.4698941486854,630.8662323350696
Pole1_2020-11-13_11-00-00.mp4,43.16129251289319,10.804221743290007,2373.25902818928,523.4792156384065
Pole1_2020-11-13_12-00-01.mp4,46.16193078758631,11.157133366239755,2201.750608553204,480.77632205782993
Pole1_2020-11-13_13-00-00.mp4,42.307601311462726,10.438966354380044,1311.174946380312,258.25516477536894
Pole1_2020-11-13_14-00-00.mp4,58.801300895066376,14.544228985797567,2385.1767973940164,462.65880339107315
Pole1_2020-11-13_15-00-00.mp4,41.66490102562493,10.140024160900031,1248.3742515598676,288.81497969300176
Pole1_2020-11-13_16-00-00.mp4,39.65519713070929,10.05003370067165,1025.6902327009284,213.88753061340057
Pole1_2020-11-13_17-00-00.mp4,24.927981780212765,6.566620080981734,614.0195043358276,113.19910687985876
Pole1_2020-11-13_18-00-00.mp4,38.259659597436595,9.214489683875986,854.6866578973835,164.01903796815384
Pole1_2020-11-13_19-00-00.mp4,24.568807764010643,6.302452653743047,1165.6233434317403,290.6052205924436
Pole1_2020-11-13_20-00-00.mp4,32.13925496127091,8.78858765187781,1305.6239553496248,277.9526567089583
Pole1_2020-11-13_21-00-00.mp4,23.818956629630346,6.457168646916586,1022.5671022969467,219.97527593479035
Pole1_2020-11-13_22-00-00.mp4,74.14757442139341,19.385744623945172,2657.866926424404,498.34111487773805
Pole1_2020-11-13_23-00-00.mp4,19.76492775817353,5.364665030562372,1029.9387430325476,114.04153645506614
Pole1_2020-11-14_00-00-00.mp4,14.987360324887325,3.375443403859571,140.4127583024313,37.877466198911996
Pole1_2020-11-14_01-00-00.mp4,24.969180742602166,6.8096917293238075,389.5199683101377,71.56802244677333
Pole1_2020-11-14_02-00-00.mp4,2.161208761660056,0.6484824327682579,54.93044745347654,7.684426097945828
Pole1_2020-11-14_03-00-00.mp4,11.20051969337593,2.5798729300923484,83.46853956543806,20.98978326055199
Pole1_2020-11-14_04-00-01.mp4,0.0,0.0,0.0,0.0
Pole1_2020-11-14_05-00-00.mp4,29.84140273646203,7.495979170376134,428.75555465510683,81.25823248390087
Pole1_2020-11-14_06-00-00.mp4,3.871429239979742,1.081900803869622,187.7203569431834,40.806921393551484
Pole1_2020-11-14_07-00-02.mp4,13.264721503263342,3.1884100491002676,803.9770597061138,119.17551289837259
Pole1_2020-11-14_08-00-00.mp4,17.90876279578826,4.837178018277523,586.7912754823393,77.60481982828058
Pole1_2020-11-14_09-00-00.mp4,43.769854046973585,10.242339677136968,1364.4483101471592,261.8036686286446
Pole1_2020-11-14_10-00-00.mp4,34.41619943310944,8.610131854775842,1843.4787116323212,344.36672674809205
Pole1_2020-11-14_11-00-00.mp4,26.86741756579542,6.4955656378052815,1415.667326371762,263.0579845176585
Pole1_2020-11-14_12-00-00.mp4,57.368082284706965,14.434864203679602,3303.030916652343,746.775957707835
Pole1_2020-11-14_13-00-00.mp4,54.61701493617726,14.22947404502309,2975.999774913472,532.8702504038832
Pole1_2020-11-14_14-00-00.mp4,40.52540729481436,10.71576157483933,1796.7826314043482,563.880865527672
Pole1_2020-11-14_15-00-00.mp4,48.79224433303832,12.564508604127838,2569.3952246240456,719.9352527414605
Pole1_2020-11-14_16-00-00.mp4,57.39351247124099,14.453044280294408,3737.0684577694838,791.1845970936602
Pole1_2020-11-14_17-00-00.mp4,72.60687395603402,19.385390472103385,3612.754329164272,741.4408195954395
Pole1_2020-11-14_18-00-00.mp4,52.163699072068255,14.030253988509994,1599.82563289763,404.72542416480997
Pole1_2020-11-14_19-00-00.mp4,28.437402808492592,7.262513535469958,1390.0969623779226,335.37485414483405
Pole1_2020-11-14_20-00-01.mp4,16.54857753788336,4.178995478740062,770.5053087916367,165.92417491251317
Pole1_2020-11-14_21-00-00.mp4,13.181653792114888,3.4123990751568467,746.9849272927065,157.39235831466144
Pole1_2020-11-14_22-00-00.mp4,26.250588084016073,6.980753378868991,1205.0242927536729,243.28950753217373
Pole1_2020-11-14_23-00-01.mp4,9.180324928462348,2.636196763767278,363.59098938646196,81.80664148391396
Pole1_2020-11-15_00-00-00.mp4,6.417329842567586,1.401076220709369,30.899429339746657,12.574357257129213
Pole1_2020-11-15_01-00-00.mp4,0.46620724433377536,0.1258603186830024,18.744791513999097,3.397295370572346
Pole1_2020-11-15_02-00-00.mp4,0.0,0.0,0.0,0.0
Pole1_2020-11-15_03-00-00.mp4,13.338487169651774,3.20045435636087,187.9028684261853,33.790091242908936
Pole1_2020-11-15_04-00-00.mp4,0.9546666734719548,0.23943491974495207,28.5971638854128,6.276230504841807
Pole1_2020-11-15_05-00-00.mp4,9.882215732887625,2.19496613322539,195.80591357279093,31.98162150109917
Pole1_2020-11-15_06-00-00.mp4,5.38714975155474,1.2819785733843834,234.6678466606336,38.89118831189384
Pole1_2020-11-15_07-00-00.mp4,17.679867674255963,4.2932721318141995,502.51124099654186,65.04246480300587
Pole1_2020-11-15_08-00-00.mp4,40.13195230101058,10.118098600495141,1334.3828916870461,246.54839968481522
Pole1_2020-11-15_09-00-00.mp4,52.00194307775256,13.087462519543635,3009.025221012967,586.7639406980577
Pole1_2020-11-15_10-00-00.mp4,112.99088074328783,29.971442171870468,5958.650588439142,1184.8814552060182
Pole1_2020-11-15_11-00-00.mp4,95.27687809915963,22.944951236870423,2871.166638200959,570.6611820855436
Pole1_2020-11-15_12-00-00.mp4,149.64614087729174,37.87356255202246,2845.0527358727063,807.0346448361405
Pole1_2020-11-15_13-00-00.mp4,164.10645258167665,45.69609925895021,6392.4324354420105,941.0178595899406
Pole1_2020-11-15_14-00-00.mp4,111.56580496351943,40.79133838249889,8430.320301222988,1753.0293339340053
Pole1_2020-11-15_15-00-00.mp4,94.50382623147107,25.217189952608923,5936.81270905075,1237.7008008787557
Pole1_2020-11-15_16-00-00.mp4,119.57734150617208,32.65738465106868,6277.318777443272,1326.4708204329363
Pole1_2020-11-15_17-00-00.mp4,99.97646451749456,25.510025876716252,3757.9052412440665,909.4761363639673
Pole1_2020-11-15_18-00-01.mp4,54.82061210856199,13.96620715714037,2127.789861056359,465.5294434002654
Pole1_2020-11-15_19-00-00.mp4,29.76650599533914,7.628727896183728,1613.427298633469,284.06775319757935
Pole1_2020-11-15_20-00-00.mp4,37.626892799722874,9.607814802342642,1524.1375823906546,284.27803292454746
Pole1_2020-11-15_21-00-01.mp4,30.651659915870386,7.252554524869226,1001.3722837224241,207.1179356803414
Pole1_2020-11-15_22-00-00.mp4,30.585396748766392,7.794198528152457,1333.007211785075,274.1485939946714
Pole1_2020-11-15_23-00-00.mp4,10.284682000239044,2.2213756217082405,138.08147541070517,27.648988594039167
Pole1_2020-11-24_00-00-00.mp4,0.0,0.0,0.0,0.0
Pole1_2020-11-16_01-00-00.mp4,2.405879548307289,0.6112395718718533,23.96090084173464,3.637275503289187
Pole1_2020-11-20_00-00-00.mp4,11.058596518828466,2.587429162593538,121.00511925414165,19.97277715041669
Pole1_2020-11-24_01-00-00.mp4,2.6611939487017793,0.6813286141049585,78.97201378008218,14.883327237032924
Pole1_2020-11-16_02-00-00.mp4,0.0,0.0,0.0,0.0
Pole1_2020-11-20_01-00-00.mp4,1.1707020158987256,0.30637374761218594,62.276953932165306,4.452674663272279
Pole1_2020-11-24_03-00-00.mp4,6.873527052154947,1.4933599015819472,17.683036580633154,5.788956541110653
Pole1_2020-11-16_03-00-00.mp4,11.088873797181638,2.6684422100062593,179.54475099566565,44.72528493878116
Pole1_2020-11-20_02-00-00.mp4,1.8031563547174194,0.5200436751011029,32.03983016026814,5.453655807067898
Pole1_2020-11-16_04-00-00.mp4,1.7071196128667827,0.6457178500509639,54.82733590036174,11.222273954016972
Pole1_2020-11-24_04-00-00.mp4,0.0,0.0,0.0,0.0
Pole1_2020-11-20_03-00-00.mp4,10.405796850275033,2.510646258207446,148.58926105308652,34.960325118584
Pole1_2020-11-20_04-00-00.mp4,6.727673857731034,1.6531668900827434,17.59571856520651,5.435352739467851
Pole1_2020-11-16_05-00-00.mp4,9.766468264774463,2.48272886300445,177.91452128954984,29.51255397210657
Pole1_2020-11-24_05-00-00.mp4,8.069255023017655,2.187684448128625,269.82949489432355,54.055274669485286
Pole1_2020-11-20_05-00-00.mp4,11.7624789690198,2.6377553641114098,152.5566910087969,23.803827799214737
Pole1_2020-11-20_06-00-00.mp4,3.6075379730674393,0.8741422275532196,148.2288421165193,24.530004949624352
Pole1_2020-11-16_06-00-00.mp4,2.329598319620654,0.5692822055308429,131.062889155686,21.61106974204896
Pole1_2020-11-24_06-00-00.mp4,3.0953499979978196,0.8270012912975631,152.19570366477456,28.22675877666259
Pole1_2020-11-20_07-00-00.mp4,13.59967736675677,3.3269864941365346,431.1674798833206,77.84977119667667
Pole1_2020-11-24_07-00-00.mp4,14.211415602440722,3.5143761830101417,565.6863235710961,72.17122689199775
Pole1_2020-11-16_07-00-00.mp4,11.201916508209733,3.0126851362787037,373.57071013324406,58.36090145160852
Pole1_2020-11-20_08-00-00.mp4,35.17098570745939,9.47754737260857,1893.1339308276295,312.3378521080834
Pole1_2020-11-24_08-00-00.mp4,26.394842269495207,6.665642375024561,1223.843044294803,199.7369853031254
Pole1_2020-11-16_08-00-00.mp4,24.461717695850204,6.266223724392827,863.7239104425248,203.69512566531316
Pole1_2020-11-20_09-00-00.mp4,53.11918550191952,13.425286600566862,2827.3263190609932,446.5670938748868
Pole1_2020-11-24_09-00-00.mp4,54.195303282050475,13.788805457100556,4031.9541266037345,640.8225377690703
Pole1_2020-11-16_09-00-01.mp4,61.054724736148664,16.00149981776674,2666.3780229925233,647.4537831858914
Pole1_2020-11-20_10-00-00.mp4,83.14373000087558,21.7350788065024,3307.919788376175,659.692913736025
Pole1_2020-11-24_10-00-00.mp4,73.19913364892139,19.37729553835225,4879.689149128234,1042.69398201927
Pole1_2020-11-16_10-00-00.mp4,78.71412567136947,20.228741498389255,3520.869458748542,607.8073355678405
Pole1_2020-11-20_11-00-00.mp4,106.80070531394949,27.91217658180442,3741.2932480914105,682.0622314514306
Pole1_2020-11-16_11-00-00.mp4,119.39996489644398,29.39485782713398,2656.372419183464,612.3923118295246
Pole1_2020-11-24_11-00-00.mp4,139.81832729663358,35.16975207472859,4259.643294226707,672.1461019387008
Pole1_2020-11-20_12-00-00.mp4,116.38366167409839,29.993225020022397,3905.444122946851,959.0448117817544
Pole1_2020-11-16_12-00-00.mp4,120.66649774565529,31.80343227541763,2851.135978980474,600.3288200414127
Pole1_2020-11-24_12-00-00.mp4,176.31066057974445,60.50962632192293,10877.604787967004,1410.682662657204
Pole1_2020-11-20_13-00-01.mp4,147.80315796122846,42.15149404632876,5000.081959958792,1092.6188736107156
Pole1_2020-11-16_13-00-00.mp4,201.34261603116298,65.7138563637082,8731.770543328357,2553.2944855540754
Pole1_2020-11-20_14-00-01.mp4,160.6943240488743,45.081294394448975,5555.619300223004,1301.7779895858541
Pole1_2020-11-24_13-00-00.mp4,179.45569714698198,72.83616491446499,12124.759963759196,2348.8678012745618
Pole1_2020-11-16_14-00-00.mp4,169.00009259663287,63.138993149489025,12466.043452624468,2249.9745641710633
Pole1_2020-11-20_15-00-00.mp4,84.62795719175163,22.43231274444803,3729.132719511891,918.3398707384715
Pole1_2020-11-24_14-00-00.mp4,152.4547916999307,59.31272750210728,10368.557396225626,2568.14716350105
Pole1_2020-11-20_16-00-00.mp4,33.898802528670096,8.44293892570288,1868.5208915037965,315.9244242207569
Pole1_2020-11-16_15-00-00.mp4,183.49479872076458,59.171265585945775,9836.964925684171,2320.1895771983654
Pole1_2020-11-16_16-00-00.mp4,79.98556923110215,20.61704961103968,4223.028814878914,1184.6002836076877
Pole1_2020-11-20_17-00-00.mp4,48.35391095745014,12.470226459581426,1999.4336615560242,302.16120670221295
Pole1_2020-11-24_15-00-00.mp4,157.04284328795984,52.42650515678349,12284.711700892785,2751.709461246147
Pole1_2020-11-16_17-00-00.mp4,134.04051393222778,37.21085159043812,6830.757238039683,1136.904710588977
Pole1_2020-11-20_18-00-00.mp4,24.654920060910875,6.2239676132271375,893.0058609582799,127.53750882990542
Pole1_2020-11-24_16-00-01.mp4,78.20332147543095,19.91446588209578,5079.36055575127,1029.7923567832981
Pole1_2020-11-16_18-00-01.mp4,67.33970994778456,17.868974344280897,3172.271750904518,668.2269458135204
Pole1_2020-11-20_19-00-00.mp4,26.237882041354244,6.876471137853988,1278.2188295016183,238.09007859803995
Pole1_2020-11-24_17-00-00.mp4,120.99648242212959,34.101398383398106,5663.37611060703,1451.26934798175
Pole1_2020-11-20_20-00-00.mp4,9.498726683846508,2.4117417418908174,471.0924784478825,67.40457366830168
Pole1_2020-11-16_19-00-00.mp4,41.28331976593624,10.512451590848867,2249.0836946204436,474.3489512034575
Pole1_2020-11-24_18-00-00.mp4,67.2626931969374,18.383833926490354,3958.3408717561906,738.0473682815164
Pole1_2020-11-20_21-00-00.mp4,26.31015965558301,6.689426928111163,1241.4691587264895,209.9113311713367
Pole1_2020-11-16_20-00-00.mp4,38.91967992896671,10.108259441090377,2134.152350511648,421.4937568370672
Pole1_2020-11-24_19-00-00.mp4,69.17375001276464,18.129984061712687,3964.261763539038,712.427934760413
Pole1_2020-11-20_22-00-00.mp4,15.5192809356839,4.007755287053203,769.5281920393033,149.05030510402787
Pole1_2020-11-24_20-00-00.mp4,51.99411120602942,13.196737589261192,2592.465863219785,630.4884381885535
Pole1_2020-11-16_21-00-01.mp4,28.87797121255714,7.1139482397449045,1323.4037725913654,231.65522584806044
Pole1_2020-11-20_23-00-00.mp4,14.358179606400949,3.745818666446589,645.057448231148,98.25875776114738
Pole1_2020-11-21_00-00-00.mp4,0.0,0.0,0.0,0.0
Pole1_2020-11-16_22-00-00.mp4,32.45482107583859,7.876218562772822,1270.5716899307135,193.3177332230842
Pole1_2020-11-24_21-00-00.mp4,55.12244164123399,14.087916637423154,2712.981968093622,586.556826584548
Pole1_2020-11-21_01-00-00.mp4,15.903698087793508,4.0212001762832985,416.91930861313955,73.25999091551664
Pole1_2020-11-16_23-00-00.mp4,24.05300999849414,6.099851545371007,923.7516907174454,203.52831312756695
Pole1_2020-11-17_00-00-00.mp4,3.591340598068827,1.0472275261649795,213.44605058355782,48.36426271506214
Pole1_2020-11-21_02-00-00.mp4,4.977445918855952,1.2988328822719106,78.1939214864468,13.081226429444724
Pole1_2020-11-24_22-00-00.mp4,35.04202023366779,9.201241795285366,1627.6296628796406,296.88847600012554
Pole1_2020-11-17_01-00-00.mp4,4.669101302680938,1.324381227497685,120.52893021260425,20.032443919849335
Pole1_2020-11-17_02-00-00.mp4,0.0,0.0,0.0,0.0
Pole1_2020-11-21_03-00-00.mp4,10.980209424701403,2.6338603215493173,117.54787085463263,25.123128503885468
Pole1_2020-11-24_23-00-00.mp4,45.42623062175135,11.32567567245042,1957.273794952653,390.5666657858533
Pole1_2020-11-17_03-00-00.mp4,0.0,0.0,0.0,0.0
Pole1_2020-11-17_04-00-00.mp4,0.41118219176954157,0.09462422193777999,15.55295145081474,3.3659158216774587
Pole1_2020-11-21_04-00-00.mp4,7.444698072242193,1.6315804216381522,17.59593321516602,4.6590598324834085
Pole1_2020-11-25_00-00-00.mp4,10.862767229880056,2.376408439643108,110.79652541609063,28.93931255576085
Pole1_2020-11-17_05-00-00.mp4,6.956304743432463,1.7645941922199129,259.34642536712556,42.95982699875932
Pole1_2020-11-21_05-00-00.mp4,4.898047529652009,1.2457635121287447,140.97301613777725,29.336461449763696
Pole1_2020-11-25_02-00-00.mp4,8.512822331933139,1.9753297993763916,37.0519354764303,9.860389862139025
Pole1_2020-11-17_06-00-00.mp4,7.328425817440075,1.81198972844193,427.2410528880478,72.66684961323384
Pole1_2020-11-21_06-00-00.mp4,4.223805610535745,1.1124272523526093,134.43700718376954,15.160397581344105
Pole1_2020-11-25_03-00-00.mp4,12.861983601697958,3.1202198778779375,173.94851556559664,32.11178954773073
Pole1_2020-11-17_07-00-00.mp4,7.497209573867653,1.9327680638824571,437.1706952215786,89.77433580035894
Pole1_2020-11-21_07-00-00.mp4,10.806244940801275,2.5736382942787848,246.3370544839247,47.83388748188712
Pole1_2020-11-25_04-00-02.mp4,7.826981042797898,1.690559708807436,32.171497779462264,5.527035647582496
Pole1_2020-11-17_08-00-00.mp4,37.717706996667836,10.191512662145513,2444.1701990785023,600.8876270875066
Pole1_2020-11-21_08-00-00.mp4,18.48621579738799,4.843756653866014,681.2921770548165,139.93204652794483
Pole1_2020-11-25_05-00-00.mp4,3.1986759204263544,0.8006196726881425,111.88701198692156,16.565130542154318
Pole1_2020-11-25_06-00-00.mp4,1.009350313751732,0.2600963335766702,51.74478897719138,8.166351751058402
Pole1_2020-11-17_09-00-00.mp4,70.9018251815635,18.187869093717627,4752.316936901092,935.571321936112
Pole1_2020-11-21_09-00-00.mp4,20.02087199467722,5.012232517036151,705.8513326880177,136.2955299446071
Pole1_2020-11-25_07-00-00.mp4,7.0119116681475955,1.8417434754707904,324.99097651857824,67.64909901172983
Pole1_2020-11-17_10-00-00.mp4,62.73767607480441,16.690307745611413,3449.3226350494933,601.907626337348
Pole1_2020-11-21_10-00-00.mp4,30.584460676988932,7.485362390449008,1081.1604873121162,222.84501734199148
Pole1_2020-11-17_11-00-00.mp4,80.5874142704271,20.637073499852075,2752.0896956803904,528.7375407983583
Pole1_2020-11-21_11-00-00.mp4,44.91653569387656,11.293557145644517,1277.8350039111544,208.07871044615226
Pole1_2020-11-25_08-00-00.mp4,34.47281845346065,9.152257331455806,2263.015150450148,552.6690976143831
Pole1_2020-11-17_12-00-00.mp4,93.67904094397737,25.589897227071088,3997.184134307847,749.5809989833717
Pole1_2020-11-21_12-00-00.mp4,96.83129268185007,25.284163185735746,1917.1299517116865,412.33863912607643
Pole1_2020-11-25_09-00-00.mp4,72.8314379109405,19.0572795004985,4992.184619753423,755.3077905632146
Pole1_2020-11-21_13-00-00.mp4,62.523893689295086,15.65083271455664,1422.6517323360847,301.5904513564007
Pole1_2020-11-17_13-00-00.mp4,173.03566962257977,50.319558225240414,9208.538217681828,1458.3911497924942
Pole1_2020-11-25_10-00-00.mp4,92.61448746072439,25.590935071757034,3944.8836761038033,930.3440635147741
Pole1_2020-11-25_11-00-00.mp4,154.27762538528552,38.92580780832006,3489.0954503573935,665.4977954417711
Pole1_2020-11-21_14-00-00.mp4,40.53061132669264,10.214060803239027,1395.1082838132277,315.2359415201595
Pole1_2020-11-17_14-00-00.mp4,143.7775952477361,41.52992860400211,6603.767678957117,1300.0245197875374
Pole1_2020-11-25_12-00-00.mp4,139.22889787660816,36.31949641460439,2867.742309783925,519.0442945654443
Pole1_2020-11-21_16-00-01.mp4,66.36407955584183,17.2089144096335,2533.431113076324,682.3595320138
Pole1_2020-11-21_17-00-00.mp4,68.434274535861,17.930957118443526,2430.5609012533014,496.1464407459958
Pole1_2020-11-25_13-00-00.mp4,194.71512152744373,55.77546525764543,8277.048712680033,1244.458401333611
Pole1_2020-11-17_15-00-01.mp4,219.99774401096627,66.43287222414139,10120.685380806432,2072.0342803011417
Pole1_2020-11-21_18-00-00.mp4,26.719081953702837,6.713501092969332,1043.4269106227591,217.0024376016279
Pole1_2020-11-25_14-00-00.mp4,118.34314855939618,37.429846614022495,8749.019085383141,1845.7945354602184
Pole1_2020-11-17_16-00-00.mp4,79.74939566009147,20.490497044590565,3146.299896554348,685.7547809893686
Pole1_2020-11-21_19-00-00.mp4,25.66282109400122,6.359952877065676,806.7182008936743,153.2629043545829
Pole1_2020-11-17_17-00-00.mp4,114.05759162711107,31.2148887381688,4899.8312530085395,1062.7746649727353
Pole1_2020-11-25_15-00-00.mp4,152.81437471963238,46.47773771223596,8415.319927228093,2095.739723408059
Pole1_2020-11-21_20-00-00.mp4,15.01257822974168,3.59312048543538,411.6886981880406,78.380010751622
Pole1_2020-11-21_21-00-00.mp4,21.419042676381178,5.342151652377769,882.8791389238238,142.31054228950498
Pole1_2020-11-17_18-00-00.mp4,47.54605030781171,12.615097200207396,2881.803354196026,516.8316987625705
Pole1_2020-11-25_16-00-00.mp4,98.75555954270355,25.157519569118076,6535.909039582922,1245.1996947204343
Pole1_2020-11-21_22-00-01.mp4,5.916410584578528,1.5035239086133136,262.78100912736136,49.01830227763925
Pole1_2020-11-17_19-00-00.mp4,59.726266479376086,15.956594103937304,3403.5113166318506,621.5166448083996
Pole1_2020-11-25_17-00-00.mp4,97.75972719920962,27.029885476794963,4320.088384852176,1196.2419815306941
Pole1_2020-11-21_23-00-00.mp4,3.1822260610589983,0.8607011919305465,92.59172601686048,16.752783645005962
Pole1_2020-11-17_20-00-01.mp4,32.606055878808455,8.587162679706243,1690.092221247064,298.67965811314514
Pole1_2020-11-25_18-00-00.mp4,93.25868791657956,24.097997261392596,3687.1329477340305,826.8741386638809
Pole1_2020-11-22_01-00-00.mp4,1.2484163865664692,0.3559088836472293,43.466425351250535,6.106367847676328
Pole1_2020-11-17_21-00-01.mp4,22.690377892553816,5.573715412697797,1171.109977625364,246.4443900135274
Pole1_2020-11-25_19-00-00.mp4,71.088620017587,18.703621175513693,3142.8308868344934,723.3170039284041
Pole1_2020-11-22_02-00-00.mp4,8.313707551212891,1.8354085145579029,29.614633744119928,4.176698302922681
Pole1_2020-11-17_22-00-00.mp4,18.459206238634106,4.833221035305295,740.992597038533,123.97487622456137
Pole1_2020-11-17_23-00-01.mp4,11.288267837801648,2.79404343434254,561.1699123812775,111.4413277708006
Pole1_2020-11-18_00-00-00.mp4,0.0,0.0,0.0,0.0
Pole1_2020-11-22_03-00-00.mp4,5.781449065209883,1.5618489007570577,68.63600869076936,14.273624296409132
Pole1_2020-11-25_20-00-00.mp4,57.49507758521577,14.531339109811071,2569.4049731463333,557.854090609835
Pole1_2020-11-18_01-00-00.mp4,6.379934359578304,1.6247215035235485,114.31067578326874,19.677783328186372
Pole1_2020-11-22_05-00-00.mp4,9.204863830636079,1.9641024703558474,92.1184332091425,17.59666008136116
Pole1_2020-11-25_21-00-00.mp4,55.56198065030361,13.963120586671565,2350.054377853812,326.34594647043593
Pole1_2020-11-18_03-00-00.mp4,5.26676103376661,1.5331345099618434,113.46590718955306,28.775290243283283
Pole1_2020-11-18_04-00-00.mp4,0.29794854630378415,0.24271135751569872,10.364178604650485,1.9084167995206782
Pole1_2020-11-22_06-00-00.mp4,4.609452952331338,1.141133747663114,143.41539400585285,22.473136465557136
Pole1_2020-11-25_22-00-00.mp4,42.36541335292439,10.808114229715605,2343.3934387545187,577.6647216815244
Pole1_2020-11-18_05-00-00.mp4,3.4976509330949943,0.872831952047138,132.78938783361718,17.694915832082845
Pole1_2020-11-22_07-00-00.mp4,4.955520915522663,1.2934429064261195,151.47533586801964,19.345596074360557
Pole1_2020-11-25_23-00-00.mp4,32.2710182891539,8.32608386899349,1199.8402823087442,239.32808233082378
Pole1_2020-11-26_00-00-00.mp4,0.0,0.0,0.0,0.0
Pole1_2020-11-18_06-00-00.mp4,5.915958211219927,1.5457961485465888,201.9036915513491,36.55284289332404
Pole1_2020-11-22_08-00-00.mp4,8.755321659231981,2.1704492901600285,368.5660647304463,59.793743627788224
Pole1_2020-11-26_01-00-00.mp4,2.5480237573763027,0.6860228411289527,46.96490412754449,8.511177811104309
Pole1_2020-11-22_09-00-00.mp4,22.48812479695804,5.745190271482395,857.7643153357508,146.5061820457838
Pole1_2020-11-18_07-00-00.mp4,14.059000743507394,3.608146540443995,682.8199597543669,129.63535593647885
Pole1_2020-11-26_02-00-00.mp4,2.9201492942665404,0.9240814778246373,47.95534099413594,4.378115777804919
Pole1_2020-11-18_08-00-00.mp4,25.64327281619755,6.8140010911299775,1801.7149555267176,382.0008555439566
Pole1_2020-11-22_10-00-01.mp4,20.129155328941035,5.079040986585897,923.9404453109759,180.74123738619087
Pole1_2020-11-26_03-00-01.mp4,2.320604133878777,0.692849410712348,72.17235358232372,16.042072740882972
Pole1_2020-11-22_11-00-00.mp4,16.403529217728142,4.179897171043421,750.9476976075692,159.34797684104194
Pole1_2020-11-18_09-00-01.mp4,54.13067042277394,13.7698259471159,2670.6116020754844,563.9755839208708
Pole1_2020-11-26_04-00-00.mp4,0.619137713341694,0.1385175332676359,27.902448381118557,5.851179801921788
Pole1_2020-11-22_12-00-00.mp4,17.147267906929617,4.339649286119197,468.3586818599176,95.38134726730166
Pole1_2020-11-26_05-00-00.mp4,10.201249233790165,2.311541883612387,166.39903180421845,28.721417589526734
Pole1_2020-11-22_13-00-00.mp4,16.581984055889894,4.170080408677518,806.7065453604883,171.93381321444886
Pole1_2020-11-18_10-00-00.mp4,88.67748769699342,24.098877641311734,3990.0586913745615,746.2281248703443
Pole1_2020-11-26_07-00-00.mp4,8.422294253239926,2.183798122064226,437.55369069670735,83.1431311003155
Pole1_2020-11-26_08-00-00.mp4,27.24956582056804,6.981762090759463,972.2204451796496,153.4024021492051
Pole1_2020-11-22_14-00-01.mp4,13.952662410048687,3.4249192838597464,757.7117588133834,142.0063884934277
Pole1_2020-11-18_11-00-00.mp4,87.12602513005162,21.87229417805328,2475.0455221807065,364.65038095096577
Pole1_2020-11-26_09-00-00.mp4,50.16707486731037,12.701778934297655,2953.982270726653,531.1043098916007
Pole1_2020-11-22_15-00-00.mp4,10.987513176099451,2.824744813943795,509.2387623783577,82.81823548470553
Pole1_2020-11-18_12-00-01.mp4,93.6405059072038,23.86904913579332,2860.1840472282397,553.9257781655946
Pole1_2020-11-22_16-00-01.mp4,20.341188773146886,5.272124394473925,715.8018166989999,130.47430819096135
Pole1_2020-11-26_10-00-00.mp4,146.30296305106776,40.88164599228185,5428.618926905465,1274.5298251912213
Pole1_2020-11-22_17-00-00.mp4,32.06577204185661,7.635681814639648,809.1332486416438,165.11842128458403
Pole1_2020-11-26_11-00-00.mp4,141.04751471793446,36.15007826961553,3748.5588726952483,823.3716616545087
Pole1_2020-11-18_13-00-00.mp4,164.34140925864685,51.178153347511135,9442.193225114504,1690.236347803519
Pole1_2020-11-22_18-00-00.mp4,26.274594993231016,6.7920458174156755,1020.2745376483068,189.9149515968162
Pole1_2020-11-26_12-00-00.mp4,138.9229428347472,35.70347389406348,3341.4257776928184,753.717290763392
Pole1_2020-11-18_14-00-00.mp4,156.83853212018383,45.10917174851624,9414.392950100902,1673.0199094213585
Pole1_2020-11-22_19-00-00.mp4,14.9783135667405,3.931511435899541,762.1459317831104,135.34680842347524
Pole1_2020-11-22_20-00-00.mp4,14.347445883320528,3.5596007843798825,580.1192808176011,132.89643924972907
Pole1_2020-11-18_15-00-00.mp4,146.45448327719697,42.42853184921955,7876.44697461905,1673.1812418794934
Pole1_2020-11-26_13-00-00.mp4,180.66154697714938,62.79805483327497,10505.55582143449,2099.413921676077
Pole1_2020-11-22_21-00-00.mp4,9.905090312350469,2.5870705560732565,417.93543418928965,78.84564240429977
Pole1_2020-11-18_16-00-00.mp4,57.598034753335526,14.559206452553884,2353.6535613274245,489.43917013774575
Pole1_2020-11-22_22-00-00.mp4,16.098165003593742,4.277089544032041,682.2749864280787,125.09295762762953
Pole1_2020-11-18_17-00-00.mp4,60.38431568442865,15.387881522882159,2174.718941978963,420.16147079269916
Pole1_2020-11-22_23-00-01.mp4,18.98014118155681,4.557382767838088,291.5501902205043,64.23852870456835
Pole1_2020-11-26_14-00-00.mp4,163.3740768223075,59.8516125199337,11262.4898824363,2274.7440755091675
Pole1_2020-11-18_18-00-00.mp4,54.17012753913794,12.795656561039761,1896.498166350295,357.33585584038684
Pole1_2020-11-23_00-00-00.mp4,0.14324325443727817,0.03718523800547003,6.439268158205311,1.7010057383829003
Pole1_2020-11-26_15-00-00.mp4,170.9587978972077,53.2797107285613,8654.033328388894,1734.929252454354
Pole1_2020-11-23_01-00-00.mp4,11.059302230244803,2.828203869321139,138.51792427790892,36.61255132287984
Pole1_2020-11-18_19-00-00.mp4,28.826227547382047,7.467362848372021,1201.5701102339965,254.24198996299714
Pole1_2020-11-23_02-00-01.mp4,8.125076067882711,1.7162035641454494,53.468462969665815,11.59114409764752
Pole1_2020-11-18_20-00-01.mp4,26.4449891299691,6.849429181118424,1164.9245760547853,232.98007361967456
Pole1_2020-11-26_16-00-01.mp4,124.52302198867734,34.64334731793903,7336.829416370965,1165.7200552144711
Pole1_2020-11-23_03-00-01.mp4,0.7326420988285113,0.2719536903822483,51.3117659957885,9.311197368943782
Pole1_2020-11-18_21-00-00.mp4,33.81423446970964,8.687045485107948,1187.460548408456,234.44767261730823
Pole1_2020-11-26_17-00-00.mp4,153.05535782541276,43.65641464080925,7199.726356983186,1878.2440315765973
Pole1_2020-11-23_04-00-00.mp4,6.126023529490394,1.515746633004333,19.06427574174705,5.037317629783531
Pole1_2020-11-18_22-00-00.mp4,17.805449930388118,4.803940259079347,960.590863356316,164.9310789675595
Pole1_2020-11-23_05-00-00.mp4,5.622532990725537,1.5230661047076248,116.94908693280094,32.81300892995314
Pole1_2020-11-26_18-00-00.mp4,73.52509968696947,19.930990446846604,4565.699465318023,692.7420215543357
Pole1_2020-11-18_23-00-00.mp4,13.674110957932124,3.719858812817747,521.7066409439691,121.54834488474934
Pole1_2020-11-23_06-00-00.mp4,4.809276983840991,1.1740384549689422,96.54175167581484,10.895089520498136
Pole1_2020-11-19_00-00-00.mp4,4.091453578731141,0.9844080917353824,114.2715592082505,17.67275648507323
Pole1_2020-11-26_19-00-01.mp4,66.31197339737278,17.82916050377267,3387.120354427918,716.1023409538866
Pole1_2020-11-23_07-00-00.mp4,3.9353444777243496,0.9935240397489287,255.150542081295,44.230661509848865
Pole1_2020-11-19_02-00-00.mp4,1.6018805077063467,0.4856214045480901,29.99984243783049,4.904396398153039
Pole1_2020-11-26_20-00-00.mp4,56.50636013827772,14.450054559776689,2855.8453581160416,559.9339421400286
Pole1_2020-11-23_08-00-00.mp4,38.24735116959573,10.560761480784898,2884.469150393303,492.2709434627982
Pole1_2020-11-19_03-00-00.mp4,6.043921083334852,1.7119292541220024,159.017859088923,35.49358208739733
Pole1_2020-11-26_21-00-01.mp4,48.57094418882431,12.942818853023176,2364.492224998896,568.7388033912788
Pole1_2020-11-19_04-00-01.mp4,9.4706029105052,1.9295953054977972,29.74801127948894,7.164479051088299
Pole1_2020-11-26_22-00-01.mp4,18.407844751301326,4.798012652949987,1025.4710339910591,184.8328390225471
Pole1_2020-11-23_09-00-00.mp4,94.07003792596028,29.601241289321415,9314.042870624593,2362.5718604724493
Pole1_2020-11-23_10-00-00.mp4,53.056639628459955,18.63736841415594,3580.7085019499864,703.5713790488361
Pole1_2020-11-19_05-00-01.mp4,4.478408636802824,1.1526515272181361,128.68187643802835,24.0221651897289
Pole1_2020-11-26_23-00-00.mp4,39.67853658185513,10.516508978673846,1397.6875305737728,256.5393330351269
Pole1_2020-11-23_11-00-00.mp4,139.83848613494862,36.00996877665876,5912.313890302377,877.2177698970943
Pole1_2020-11-19_06-00-00.mp4,3.1174788805206237,0.8082147402782889,102.4750636028191,23.346888555112006
Pole1_2020-11-27_00-00-00.mp4,16.943713549349358,4.214975063304668,460.268896616613,100.47828392636818
Pole1_2020-11-19_07-00-00.mp4,9.327776301922494,2.4158127328164034,496.88564311687395,90.78523583404461
Pole1_2020-11-23_12-00-00.mp4,151.0853918319232,48.5474459476386,8174.157590196586,1960.798082873411
Pole1_2020-11-19_08-00-00.mp4,38.31153888882115,10.165508512405193,2924.089898025018,627.9164862070749
Pole1_2020-11-23_13-00-00.mp4,206.64748810824463,78.08189971043042,13450.814716570276,2846.8372286795084
Pole1_2020-11-19_09-00-00.mp4,106.89367592892154,28.889040186962063,8280.970355395657,2058.559942903774
Pole1_2020-11-19_10-00-00.mp4,126.43853451371321,36.682540549662356,5004.3776887482045,1132.9028615662883
Pole1_2020-11-23_14-00-00.mp4,174.1014512083069,71.59373958883693,10636.312354110472,2611.1962176079173
Pole1_2020-11-19_11-00-00.mp4,180.74147353980436,46.464598066803106,4398.647584846375,924.8684623956472
Pole1_2020-11-19_12-00-00.mp4,116.30716206589564,31.636040630952618,3299.099448474935,634.9413885894345
Pole1_2020-11-23_15-00-00.mp4,146.59666292799733,47.85200750933416,8801.300982392982,1824.2944147609185
Pole1_2020-11-23_16-00-00.mp4,48.3668143352217,12.158596858270965,2995.800220425978,595.9313570184422
Pole1_2020-11-19_13-00-00.mp4,155.87353008256778,44.08220572068922,6635.221751770066,1265.3234636995792
Pole1_2020-11-23_17-00-00.mp4,81.2370497587206,21.07722463762136,4507.776843709287,743.8455267926616
Pole1_2020-11-19_14-00-00.mp4,148.7719210283177,45.637122506846616,10439.36310148555,1358.2750766653298
Pole1_2020-11-23_18-00-00.mp4,51.03068713280114,13.547159751682699,2223.0178445847973,432.65999789247684
Pole1_2020-11-19_15-00-00.mp4,156.06507849717207,46.849852084794186,8088.832210620917,1664.72741599844
Pole1_2020-11-27_01-00-00.mp4,3.0051231005868253,0.7544943486421211,126.21642280435638,24.38956623334147
Pole1_2020-11-19_16-00-00.mp4,118.9411910885565,31.79030328808285,4990.025959423983,1010.955563885981
Pole1_2020-11-23_19-00-00.mp4,43.44554487158479,11.038910087105911,1797.395697972325,384.7349121645778
Pole1_2020-11-27_02-00-00.mp4,3.8454192822587396,1.072586213290394,113.54023130636351,19.9266548721794
Pole1_2020-11-23_20-00-00.mp4,25.992187216409054,6.526387737016807,924.224530999433,166.37689292477472
Pole1_2020-11-19_17-00-00.mp4,146.27238137454935,41.87273702681724,6791.11580877012,1344.8386620372864
Pole1_2020-11-27_03-00-01.mp4,6.926939806822797,1.9070102823161987,204.4758154871686,44.214688525734914
Pole1_2020-11-23_21-00-00.mp4,22.474667296606686,5.806435198976198,1113.6738297429251,204.20684431111155
Pole1_2020-11-27_04-00-00.mp4,0.0,0.0,0.0,0.0
Pole1_2020-11-19_18-00-00.mp4,74.36327381167531,19.651055927073173,4289.437756096811,789.6512465625294
Pole1_2020-11-23_22-00-00.mp4,29.57832827005174,7.51869391923348,1077.0344842348604,211.7771184587164
Pole1_2020-11-27_05-00-00.mp4,4.1250510631711945,1.0533795404083008,139.19644290647915,24.67339067846894
Pole1_2020-11-19_19-00-00.mp4,49.059239383889945,12.90318433786904,2868.750281420483,532.6415414430176
Pole1_2020-11-23_23-00-00.mp4,13.603410515323763,3.3883176118122478,676.2836557163944,115.71176628033238
Pole1_2020-11-27_06-00-00.mp4,2.4276845738894353,0.5965723849154728,124.59912691288993,19.795876985275562
Pole1_2020-11-19_20-00-00.mp4,47.8792051788065,12.570515887692592,2399.137858333398,484.6471371909138
Pole1_2020-11-27_07-00-00.mp4,10.565170366202624,2.628911003308877,344.6539721573483,55.91811923163041
Pole1_2020-11-19_21-00-00.mp4,56.255050345122825,15.306089097181905,2707.7398214624573,549.5228369658805
Pole1_2020-11-27_08-00-01.mp4,23.05647853317684,6.040090354374179,790.7472864851944,130.84698809778098
Pole1_2020-11-19_22-00-00.mp4,37.638128805230224,10.009607782371006,1635.766996957551,354.23102125386083
Pole1_2020-11-27_09-00-00.mp4,38.54708864285346,9.795308815802713,1699.5736903542115,338.08646849322537
Pole1_2020-11-19_23-00-00.mp4,28.849027894108616,7.708129346939884,1450.0368119123468,262.1647038094242
Pole1_2020-11-27_10-00-00.mp4,47.56242168942575,12.137439123938137,2197.5981150051975,561.502294786509
Pole1_2020-11-27_11-00-00.mp4,72.65223955663558,18.50823542676764,2982.161111825105,616.4971509273631
Pole1_2020-11-27_12-00-00.mp4,53.80748381858555,13.73346104122414,2441.3949465274122,487.7681104856719
Pole1_2020-11-27_13-00-00.mp4,44.73107927217182,11.650248679357594,2257.8111447209,410.0226894209019
Pole1_2020-11-27_14-00-00.mp4,62.980972461060006,16.088972685679824,3131.632117001423,524.8030137674019
Pole1_2020-11-27_15-00-00.mp4,83.79274754523192,21.86537468409431,4127.970875676272,626.3650716915382
Pole1_2020-11-27_16-00-00.mp4,51.4631939524356,13.39751125350106,2452.148683009879,405.917945155032
Pole1_2020-11-27_17-00-00.mp4,76.63892901247027,20.16405094209355,2741.9378068948154,489.11910729289843
Pole1_2020-11-27_18-00-00.mp4,45.66831052130076,11.642032480231567,1339.0036352738484,241.76040319753906
Pole1_2020-11-27_19-00-00.mp4,43.99083709050131,11.223031772199683,1215.9150011058011,273.0790643013482
Pole1_2020-11-27_20-00-00.mp4,35.00708624785376,8.814642707145866,1214.7324816480423,250.40557042052012
Pole1_2020-11-27_21-00-00.mp4,30.7277578989578,7.542503791831816,916.9360635548279,180.40639122883616
Pole1_2020-11-27_22-00-00.mp4,42.92400805451057,11.108640979644857,1121.1660704334129,206.3222284972185
Pole1_2020-11-27_23-00-00.mp4,24.702701649491708,6.263331655074128,732.9236896475193,101.24956940453686
Pole1_2020-11-28_00-00-00.mp4,0.0,0.0,0.0,0.0
Pole1_2020-11-28_01-00-00.mp4,1.5741543139310576,0.4252849825052664,35.945164661185466,8.899543615781058
Pole1_2020-11-28_03-00-00.mp4,11.855855403580541,3.232668036833114,256.55768689742473,49.155240265515324
Pole1_2020-11-28_04-00-00.mp4,0.005473040964656428,0.020921010924733502,1.1639776900205039,0.17412090041972544
Pole1_2020-11-28_05-00-00.mp4,10.550674412164364,2.6893961049357715,343.4350925653585,57.14265197972721
Pole1_2020-11-28_06-00-01.mp4,2.45898021423351,0.6141947275266937,166.7126057011716,36.09685637196707
Pole1_2020-11-28_07-00-00.mp4,4.084242264059723,0.9649050812445534,396.6082748211533,79.89662052533235
Pole1_2020-11-28_08-00-00.mp4,7.51848673040625,1.997983118901421,661.1792661495526,77.07497182359174
Pole1_2020-11-28_09-00-00.mp4,11.74093637162886,3.1080231475127587,620.3530928449853,90.9160621481258
Pole1_2020-11-28_10-00-00.mp4,18.864468114172016,4.973285315031548,875.2339961418423,177.03080939374036
Pole1_2020-11-28_11-00-00.mp4,20.237578880841266,5.220501883709155,693.0079894052081,176.16703469415043
Pole1_2020-11-28_12-00-00.mp4,26.28860433037856,7.0763485056839,1381.2533545018666,291.93177848293146
Pole1_2020-11-28_13-00-00.mp4,10.069705855091176,2.632295476726311,513.9031160683815,90.65229990761367
Pole1_2020-11-28_14-00-00.mp4,10.701275120120146,2.9417633418967966,635.9446327355494,114.40170140115957
Pole1_2020-11-28_15-00-00.mp4,18.704731462037696,4.831370215814862,930.957196902295,168.21945747557842
Pole1_2020-11-28_16-00-01.mp4,19.61405256808934,5.049456636967626,961.5229222432865,208.0081558434132
Pole1_2020-11-28_17-00-00.mp4,28.60826697554343,7.103418213836253,1012.2102738295841,143.62851914853084
Pole1_2020-11-28_18-00-00.mp4,25.912216280958287,7.078227964571182,1206.4241487163533,234.56197071216457
Pole1_2020-11-28_19-00-00.mp4,14.768891018679543,3.9455718440192693,684.2755331729293,127.5900640483472
Pole1_2020-11-28_20-00-00.mp4,8.655425775013455,2.2581509993809066,398.9797005179758,80.1406310865006
Pole1_2020-11-28_21-00-00.mp4,7.1148900569423805,1.8157640892682378,355.4986262404957,58.720405144024234
Pole1_2020-11-28_22-00-00.mp4,4.329841562929135,1.0863151677322451,237.14077054904337,49.514164173304074
Pole1_2020-11-28_23-00-00.mp4,3.3168105539525152,0.8739586373238839,114.78315316838538,19.82685091632167
Pole1_2020-11-29_00-00-00.mp4,0.01474112560480071,0.004826011325465132,1.5361152426795623,0.0
Pole1_2020-11-29_01-00-00.mp4,2.9805763841325414,0.8967540977742621,42.59038165893918,8.714028212512144
Pole1_2020-11-29_02-00-00.mp4,0.712330403411623,0.19206912188337108,42.272249756009664,8.058994228352635
Pole1_2020-11-29_03-00-00.mp4,2.206384761609851,0.6096313470332889,50.86425108374029,9.45826666853714
Pole1_2020-11-29_04-00-00.mp4,0.6290756800099868,0.1920428057466699,21.75867260180646,4.552779311291465
Pole1_2020-11-29_05-00-00.mp4,2.9707348138754073,0.851279380460444,135.59481413268108,22.362666567490955
Pole1_2020-11-29_06-00-00.mp4,1.4487935747606475,0.3725837876361972,105.80096379837566,16.892476615175926
Pole1_2020-11-29_07-00-00.mp4,4.21525256373526,0.9837323403887522,469.693164751526,114.63979477690357
Pole1_2020-11-29_08-00-00.mp4,19.746220854922996,5.488594251173301,2191.3275529895304,551.1017885734051
Pole1_2020-11-29_09-00-00.mp4,30.522470906538793,8.444571708539854,5116.164814635152,958.8435137303538
Pole1_2020-11-29_10-00-00.mp4,38.4978083433294,10.22404930371404,4715.00288562354,898.6836962554837
Pole1_2020-11-29_11-00-01.mp4,56.985926221807006,14.32917037370214,2899.629978981477,548.2963900253999
Pole1_2020-11-29_12-00-00.mp4,61.825023125296546,16.308817673452975,5371.27305204971,1251.6012504577318
Pole1_2020-11-29_13-00-00.mp4,111.2541826309122,49.43704389930001,11345.022167984736,1955.705393121381
Pole1_2020-11-29_14-00-00.mp4,90.68639374437483,37.84113334543172,8244.83895866927,1765.3797235855336
Pole1_2020-11-29_15-00-00.mp4,68.01867359608529,18.2766979572411,7322.908999052606,1279.1041636085915
Pole1_2020-11-29_16-00-01.mp4,90.49415281661847,25.093009749133405,6212.539224161005,1618.7726896818692
Pole1_2020-11-29_17-00-00.mp4,49.57878301879487,13.287385790037533,2250.7492808173406,515.577613901026
Pole1_2020-11-29_18-00-00.mp4,40.02526015683503,10.855527144080941,1809.5096386663897,365.00936341209103
Pole1_2020-11-29_19-00-00.mp4,22.687138911529836,5.5960701019781585,687.2993376991378,170.85093868973206
Pole1_2020-11-29_20-00-00.mp4,22.084075567403293,5.5669150159896885,1080.9628656910213,205.47711344145114
Pole1_2020-11-29_21-00-00.mp4,22.509757952416106,5.828215897787563,821.5003998905081,142.68464351819364
Pole1_2020-11-29_22-00-00.mp4,17.331361861829002,4.583312517779425,827.5141626787798,139.7650696859212
Pole1_2020-11-29_23-00-00.mp4,5.732680759425712,1.8063250390292247,176.6096251308138,25.670110545825295
